City ID,City,Country,Lat,Lng,Temperature,Humidity,Clouds,Wind Speed
3443061,Chui,UY,-33.6971,-53.4616,58.64,94,86,14.9
3366880,Hermanus,ZA,-34.4187,19.2345,52.02,66,9,5.86
3833367,Ushuaia,AR,-54.8,-68.3,42.46,87,90,9.22
3412093,Vestmannaeyjar,IS,63.4427,-20.2734,49.12,73,100,13.98
2110227,Butaritari,KI,3.0707,172.7902,82.98,71,86,15.03
1282256,Hithadhoo,MV,-0.6,73.0833,83.17,73,83,11.56
609919,Quryq,KZ,43.2,51.65,71.19,33,100,15.48
5122534,Jamestown,US,42.097,-79.2353,73.31,78,20,6.91
3418910,Upernavik,GL,72.7868,-56.1549,26.94,78,97,5.23
5969025,Haines Junction,CA,60.7522,-137.5108,42.75,93,100,1.14
2123814,Leningradskiy,RU,69.3833,178.4167,25.63,82,99,10.78
2093846,Kiunga,PG,-6.1219,141.2906,74.98,97,100,2.46
2206939,Bluff,NZ,-46.6,168.3333,48.38,84,100,11.48
2138555,Poum,NC,-20.2333,164.0167,72.52,65,89,19.71
2013279,Vostok,RU,46.4856,135.8833,46.96,97,100,2.98
6170031,Tuktoyaktuk,CA,69.4541,-133.0374,41.0,81,90,9.22
1633419,Padang,ID,-0.9492,100.3543,73.45,88,72,3.71
5563397,Eureka,US,40.8021,-124.1637,70.41,65,2,7.72
4035715,Avarua,CK,-21.2078,-159.775,78.85,73,90,11.5
3466704,Castro,BR,-24.7911,-50.0119,74.82,48,58,2.01
1015776,Bredasdorp,ZA,-34.5322,20.0403,47.52,76,5,6.91
1651103,Atambua,ID,-9.1061,124.8925,75.2,63,79,4.45
1649150,Bengkulu,ID,-3.8004,102.2655,76.03,88,96,2.35
2156643,Mount Gambier,AU,-37.8333,140.7667,50.45,61,90,11.05
1853174,Sakaiminato,JP,35.55,133.2333,76.98,65,20,3.44
3893726,Constitución,CL,-35.3333,-72.4167,52.41,76,0,12.26
2449893,Tessalit,ML,20.1986,1.0114,91.13,10,0,8.84
3874787,Punta Arenas,CL,-53.15,-70.9167,51.91,66,75,24.16
2071860,Esperance,AU,-33.8667,121.9,47.77,81,10,13.22
6185377,Yellowknife,CA,62.456,-114.3525,48.72,76,75,6.91
2214432,Nālūt,LY,30.3333,10.85,82.76,18,0,6.91
964432,Port Alfred,ZA,-33.5906,26.891,56.61,66,20,28.05
3466165,Cidreira,BR,-30.1811,-50.2056,66.42,98,75,3.83
5847411,Kahului,US,20.8947,-156.47,87.82,42,40,23.02
2163355,Hobart,AU,-42.8794,147.3294,49.86,50,40,11.5
4957320,Bar Harbor,US,44.3876,-68.2039,57.34,82,1,5.75
2409914,Bonthe,SL,7.5264,-12.505,78.08,86,100,5.23
4030556,Rikitea,PF,-23.1203,-134.9692,74.01,77,6,13.53
286621,Salalah,OM,17.0151,54.0924,80.69,89,75,4.61
615943,Agara,GE,42.0376,43.8238,58.05,75,0,3.85
3361934,Saldanha,ZA,-33.0117,17.9442,44.65,66,0,17.92
2075265,Busselton,AU,-33.65,115.3333,51.51,64,0,9.42
4013679,Coahuayana Viejo,MX,18.7333,-103.6833,87.28,73,35,3.89
6089245,Norman Wells,CA,65.282,-126.8329,57.24,44,75,14.97
5855927,Hilo,US,19.7297,-155.09,82.13,65,75,8.05
4032243,Vaini,TO,-21.2,-175.2,69.96,94,75,11.5
5106841,Albany,US,42.6001,-73.9662,64.67,78,34,4.41
3393536,Olinda,BR,-8.0089,-34.8553,76.73,61,0,6.91
1492607,Severnoye,RU,56.3491,78.3619,38.48,98,100,7.85
3831208,Qaanaaq,GL,77.484,-69.3632,13.6,72,88,8.72
3374083,Bathsheba,BB,13.2167,-59.5167,83.01,74,40,11.5
3361142,Springbok,ZA,-29.6643,17.8865,44.06,78,8,8.16
3533462,Acapulco de Juárez,MX,16.8634,-99.8901,85.82,70,40,8.05
2191562,Dunedin,NZ,-45.8742,170.5036,55.83,64,100,9.19
6144312,Sept-Îles,CA,50.2001,-66.3821,52.32,93,75,4.61
3939761,Hualmay,PE,-11.0964,-77.6139,63.01,77,16,11.12
2511239,San Roque,ES,36.2107,-5.3842,68.83,94,75,4.61
1106677,Bambous Virieux,MU,-20.3428,57.7575,68.25,68,20,13.8
286245,Sur,OM,22.5667,59.5289,84.33,67,1,9.51
3883457,Lebu,CL,-37.6167,-73.65,50.38,84,0,21.21
5880054,Barrow,US,71.2906,-156.7887,33.82,64,75,11.5
3654410,Manta,EC,-0.95,-80.7333,73.18,83,75,14.97
4031574,Provideniya,RU,64.3833,-173.3,33.91,75,90,4.47
2127202,Anadyr,RU,64.75,177.4833,34.3,100,75,11.18
3545841,Nuevitas,CU,21.5453,-77.2644,85.44,76,0,11.01
2092164,Lorengau,PG,-2.0226,147.2712,80.78,79,100,1.7
1507390,Dikson,RU,73.5069,80.5464,35.44,75,100,8.43
5848280,Kapaa,US,22.0752,-159.319,82.72,65,75,17.27
5546220,Saint George,US,37.1041,-113.5841,84.79,14,1,0.0
5859699,College,US,64.8569,-147.8028,36.77,60,75,10.36
541349,Krasnyy Yar,RU,46.5331,48.3456,58.93,69,86,5.35
6324729,Halifax,CA,44.6453,-63.5724,59.81,85,20,2.3
2109701,Auki,SB,-8.7676,160.7034,83.95,68,56,4.34
1735106,George Town,MY,5.4112,100.3354,75.15,94,20,0.0
2541479,Nador,MA,35.174,-2.9287,71.85,88,20,0.0
3369157,Cape Town,ZA,-33.9258,18.4232,48.61,81,20,5.75
654899,Kajaani,FI,64.2273,27.7285,35.65,80,40,4.61
690629,Uspenka,UA,48.3903,39.1619,53.62,63,60,4.56
3423146,Ilulissat,GL,69.2167,-51.1,28.42,69,20,20.71
934479,Grand Gaube,MU,-20.0064,57.6608,68.4,72,8,20.98
1493162,Salym,RU,60.0625,71.4789,34.92,93,100,8.75
4946620,Palmer,US,42.1584,-72.3287,66.65,68,20,3.44
3516125,Tecpatán,MX,17.1333,-93.3,85.01,88,92,4.12
2643044,Margate,GB,51.3813,1.3862,55.26,83,5,8.77
5282297,Bethel,US,41.3712,-73.414,66.07,68,1,4.61
5866583,Saint Paul Harbor,US,57.79,-152.4072,53.49,64,64,17.4
3347762,Lubango,AO,-14.9172,13.4925,64.6,40,28,1.16
2155415,New Norfolk,AU,-42.7826,147.0587,49.5,71,73,6.42
3652764,Puerto Ayora,EC,-0.7393,-90.3518,68.61,82,89,10.6
6201424,Mataura,NZ,-46.1927,168.8643,49.62,87,99,3.8
6113406,Prince Rupert,CA,54.3161,-130.3201,55.69,94,90,19.57
1503726,Kharp,RU,66.8014,65.8081,37.04,97,100,7.09
882100,Rusape,ZW,-18.5278,32.1284,56.88,31,0,4.21
3932145,Pisco,PE,-13.7,-76.2167,66.25,68,0,12.66
720284,Hajdúnánás,HU,47.85,21.4333,50.07,68,99,5.23
1267297,Kemrī,IN,28.8167,79.2167,80.22,77,79,5.84
3471451,Arraial do Cabo,BR,-22.9661,-42.0278,71.56,94,20,21.85
964420,Port Elizabeth,ZA,-33.918,25.5701,53.89,82,40,16.11
4031742,Egvekinot,RU,66.3167,-179.1667,26.53,60,9,4.41
1244926,Hambantota,LK,6.1241,81.1185,79.79,81,74,14.09
5557293,Sitka,US,57.0531,-135.33,57.09,82,90,14.97
1505965,Igrim,RU,63.1906,64.4162,36.32,75,99,8.46
6137462,Saint-Augustin,CA,51.226,-58.6502,49.26,66,16,13.04
3372707,Ribeira Grande,PT,38.5167,-28.7,70.83,72,3,13.15
3839307,Rawson,AR,-43.3002,-65.1023,55.54,47,1,6.89
2121385,Severo-Kuril'sk,RU,50.6789,156.125,49.57,77,38,30.0
2126123,Chokurdakh,RU,70.6333,147.9167,28.85,69,97,9.1
1496588,Novozaimka,RU,56.4857,66.9241,35.6,92,100,8.9
1082243,Ambilobe,MG,-13.2,49.05,67.32,76,0,5.55
1636308,Manokwari,ID,-0.8667,134.0833,78.24,79,100,3.71
1067565,Beloha,MG,-25.1667,45.05,63.34,73,0,8.39
1512934,Saryagash,KZ,41.4511,69.1701,58.96,25,2,2.06
1605277,Trat,TH,12.5,102.5,74.39,94,100,2.42
453850,Zilupe,LV,56.3862,28.1217,38.86,98,100,8.34
543508,Kovdor,RU,67.5662,30.4758,30.96,95,2,5.32
546105,Nikolskoye,RU,59.7035,30.7861,42.69,74,97,7.25
5882953,Aklavik,CA,68.2191,-135.0107,50.83,74,100,16.49
477940,Ust-Tsilma,RU,65.441,52.1498,33.62,92,98,4.54
3133983,Trofors,NO,65.5333,13.4063,49.35,84,90,6.29
6620339,Karratha,AU,-20.7377,116.8463,76.06,25,100,25.72
3355672,Lüderitz,NA,-26.6481,15.1594,59.74,60,0,17.07
470762,Vyartsilya,RU,62.1764,30.693,34.48,89,99,6.22
2063039,Port Keats,AU,-14.25,129.55,81.14,70,42,6.24
5367788,Lompoc,US,34.6391,-120.4579,76.59,58,1,12.66
2561668,Agadir,MA,30.4202,-9.5982,68.45,86,5,6.55
1283240,Kathmandu,NP,27.7167,85.3167,68.22,100,75,2.3
934322,Mahébourg,MU,-20.4081,57.7,68.29,68,20,13.8
2015306,Tiksi,RU,71.6872,128.8694,33.84,72,100,5.08
2161515,Kiama,AU,-34.6833,150.8667,52.84,53,99,16.22
2036973,Heihe,CN,50.2441,127.4902,39.78,81,100,1.72
1501706,Krutikha,RU,53.9599,81.2093,37.13,85,90,9.37
3430443,Necochea,AR,-38.5473,-58.7368,48.04,78,0,12.71
4047434,Russell,US,32.3502,-85.1999,82.0,78,1,0.0
3440777,Rocha,UY,-34.4833,-54.3333,54.95,89,95,16.02
2729907,Longyearbyen,SJ,78.2186,15.6401,40.84,93,90,2.3
3894426,Coyhaique,CL,-45.5752,-72.0662,43.68,84,2,5.46
3470137,Belmonte,BR,-15.8631,-38.8828,75.7,86,64,6.44
2510075,Utiel,ES,39.5667,-1.2,58.3,72,44,8.48
3404558,Cabedelo,BR,-6.9811,-34.8339,74.07,72,37,14.41
789996,Istok,XK,42.7808,20.4875,56.32,83,93,2.93
5146092,Ashtabula,US,41.7001,-80.7665,78.03,69,1,4.61
2037485,Erenhot,CN,43.6475,111.9767,54.43,70,54,7.02
111453,Zanjān,IR,36.6736,48.4787,61.95,48,0,4.88
3421765,Nanortalik,GL,60.1432,-45.2371,37.54,70,2,10.96
2374583,Bubaque,GW,11.2833,-15.8333,81.88,82,100,11.88
5954718,Flin Flon,CA,54.7682,-101.865,58.84,41,40,9.22
933995,Souillac,MU,-20.5167,57.5167,68.38,68,20,13.8
3372964,Lagoa,PT,39.05,-27.9833,69.96,68,5,10.67
4020109,Atuona,PF,-9.8,-139.0333,77.94,72,35,19.89
1651810,Airai,TL,-8.9266,125.4092,66.06,43,91,4.76
2194098,Ahipara,NZ,-35.1667,173.1667,61.05,64,13,7.65
1722803,Buluang,PH,13.3068,123.3425,78.28,90,80,2.04
2112309,Katsuura,JP,35.1333,140.3,71.71,72,74,8.23
2208248,Kaitangata,NZ,-46.2817,169.8464,52.5,69,100,6.11
6165406,Thompson,CA,55.7435,-97.8558,50.16,62,40,10.36
1512218,Aban,RU,56.67,96.06,35.44,91,72,6.93
2022572,Khatanga,RU,71.9667,102.5,31.05,98,93,0.92
3893629,Coquimbo,CL,-29.9533,-71.3436,56.93,76,0,9.22
2026861,Berdigestyakh,RU,62.0989,126.6992,34.86,79,12,1.88
5983720,Iqaluit,CA,63.7506,-68.5145,31.73,69,90,10.36
233093,Kaabong,UG,3.4836,34.1492,66.51,65,5,3.94
3421193,Paamiut,GL,61.994,-49.6678,35.28,77,6,26.51
3414079,Olafsvik,IS,64.8945,-23.7142,44.87,71,96,3.29
88319,Benghazi,LY,32.1167,20.0667,83.32,44,0,6.91
3348313,Huambo,AO,-12.7761,15.7392,70.45,42,84,2.15
3694112,Paita,PE,-5.0892,-81.1144,66.76,80,13,19.15
3397763,Jacareacanga,BR,-6.2222,-57.7528,83.26,52,95,1.03
3838859,Río Gallegos,AR,-51.6226,-69.2181,53.65,62,75,6.91
2074865,Carnarvon,AU,-24.8667,113.6333,59.07,41,0,6.91
2644605,Lerwick,GB,60.1545,-1.1494,53.6,79,100,21.16
1812728,Dingzhou,CN,38.5131,114.9956,68.11,88,10,3.22
3838793,Río Tercero,AR,-32.173,-64.1141,58.86,62,100,8.03
2501152,Constantine,DZ,36.365,6.6147,65.61,94,40,5.75
5380420,Pacifica,US,37.6138,-122.4869,83.03,30,1,13.8
4500546,Atlantic City,US,39.3643,-74.4229,66.45,72,40,5.75
8079926,Labuhan,ID,-6.8844,112.2051,77.81,82,100,5.61
5779548,Payson,US,40.0444,-111.7321,64.0,29,1,9.22
3374210,São Filipe,CV,14.8961,-24.4956,80.19,83,44,3.22
5735238,Klamath Falls,US,42.2249,-121.7817,71.51,24,1,10.36
4269392,Chanute,US,37.6792,-95.4572,89.92,49,75,10.36
2629833,Husavik,IS,66.0449,-17.3389,42.71,93,100,16.17
2126682,Bilibino,RU,68.0546,166.4372,23.18,73,74,4.76
2304548,Anloga,GH,5.7947,0.8973,79.02,86,81,12.12
4031637,Lavrentiya,RU,65.5833,-171.0,35.69,62,13,7.65
5052916,Willmar,US,45.1219,-95.0433,60.21,82,75,11.5
1637510,Loa Janan,ID,-0.583,117.095,74.28,96,98,1.23
2012530,Zhigansk,RU,66.7697,123.3711,33.28,75,99,6.11
4231997,Avera,US,33.194,-82.5271,73.56,97,100,10.71
3571913,Marsh Harbour,BS,26.5412,-77.0636,83.8,71,25,9.4
1863997,Fukuechō,JP,32.6881,128.8419,77.36,83,75,10.36
3405215,Bonfim,BR,3.0833,-59.95,81.03,72,95,5.79
2393693,Kandi,BJ,11.1342,2.9386,75.42,88,57,3.58
5955902,Fort Nelson,CA,58.8053,-122.7002,60.39,41,75,8.05
3572462,Dunmore Town,BS,25.5,-76.65,84.11,69,10,10.09
5354943,Half Moon Bay,US,37.4636,-122.4286,83.79,27,1,0.0
2537881,Safi,MA,32.2994,-9.2372,69.26,87,25,14.16
70979,Sayyan,YE,15.1718,44.3244,64.6,30,54,2.91
3430863,Mar del Plata,AR,-38.0023,-57.5575,50.02,81,0,8.05
1688696,San Policarpo,PH,12.1791,125.5072,80.74,81,48,5.61
3629710,Puerto Ayacucho,VE,5.6639,-67.6236,78.98,84,100,4.14
1090415,Chirongui,YT,-12.9319,45.1483,75.13,78,3,6.91
1214488,Meulaboh,ID,4.1363,96.1285,75.15,88,95,2.13
1819729,Hong Kong,HK,22.2855,114.1577,84.16,81,34,2.91
2654728,Bridlington,GB,54.0831,-0.1919,53.53,85,98,6.44
2017155,Saskylakh,RU,71.9167,114.0833,31.08,96,100,5.21
2127060,Arman',RU,59.7,150.1667,44.11,71,75,11.36
6690296,Saint-Joseph,RE,-21.3667,55.6167,64.78,79,88,13.27
2159220,Mackay,AU,-21.15,149.2,73.38,56,66,4.61
2173911,Broken Hill,AU,-31.95,141.4333,47.91,57,40,21.85
1267390,Kavaratti,IN,10.5669,72.642,81.36,79,99,11.72
523662,Nadvoitsy,RU,63.8667,34.3167,38.91,70,63,6.2
2618795,Klaksvík,FO,62.2266,-6.589,52.72,79,70,36.33
3421719,Narsaq,GL,60.9167,-46.05,37.62,63,1,4.38
3985710,Cabo San Lucas,MX,22.8909,-109.9124,84.51,78,75,10.36
1313479,Loikaw,MM,19.6742,97.2094,68.38,97,100,1.57
2281120,Tabou,CI,4.423,-7.3528,76.37,89,21,5.93
5746545,Portland,US,45.5234,-122.6762,71.73,49,20,8.05
1512223,Abalak,RU,58.1286,68.5944,33.15,93,98,7.54
5919850,Chapais,CA,49.7834,-74.8492,65.98,47,5,8.84
3625710,Upata,VE,8.0086,-62.3989,72.9,92,93,3.47
613074,Marneuli,GE,41.4759,44.8089,66.94,64,0,3.89
3416888,Grindavik,IS,63.8424,-22.4338,43.27,93,0,2.3
2641434,Northam,GB,51.0333,-4.2167,53.22,86,98,4.23
556268,Ostrovnoy,RU,68.0531,39.5131,36.09,85,64,12.55
2654970,Brae,GB,60.3964,-1.353,53.51,80,96,21.79
5501344,Carson City,US,39.1638,-119.7674,73.0,15,1,14.97
2637853,Sidmouth,GB,50.6909,-3.2397,53.38,94,20,3.44
962367,Richards Bay,ZA,-28.783,32.0377,67.24,80,99,15.73
542464,Krasnoarmeysk,RU,51.0239,45.6969,49.73,69,82,10.96
933677,Kasane,BW,-17.8167,25.15,70.11,30,0,4.38
2152659,Port Macquarie,AU,-31.4333,152.9167,60.76,46,55,14.56
143748,Alvand,IR,36.3187,49.1678,56.16,66,0,4.52
1519422,Semey,KZ,50.4111,80.2275,39.42,81,0,6.71
150793,Pangani,TZ,-5.4333,38.9667,73.2,84,12,5.7
2738381,Lata,PT,40.1629,-8.3327,57.61,58,0,7.0
1899102,Nagato,JP,34.3833,131.2,76.95,80,2,18.39
1627185,Sijunjung,ID,-0.6876,100.9537,70.03,98,56,1.99
1486321,Yar-Sale,RU,66.8333,70.8333,36.18,98,100,12.01
64814,Bandarbeyla,SO,9.4942,50.8122,77.0,83,85,25.99
1275506,Birmitrapur,IN,22.4,84.7667,75.58,93,100,2.55
1710519,Isabela,PH,6.7085,121.9711,80.65,82,100,0.98
3397851,Itupiranga,BR,-5.1347,-49.3267,86.32,46,100,3.56
4005143,Guaymas,MX,27.9333,-110.9,88.97,75,40,13.8
935215,Saint-Philippe,RE,-21.3585,55.7679,65.79,80,98,13.38
1507116,Dudinka,RU,69.4058,86.1778,29.68,85,100,11.1
1853483,Oyama,JP,36.3,139.8,69.69,71,0,3.11
1638775,Lahat,ID,-3.8,103.5333,72.73,97,99,2.28
1687186,Sarangani,PH,5.4033,125.4636,82.08,72,92,3.42
4116834,Jonesboro,US,35.8423,-90.7043,86.83,55,1,6.91
3419842,Sisimiut,GL,66.9395,-53.6735,32.4,89,99,4.47
2121909,Poronaysk,RU,49.2167,143.1167,54.77,68,93,1.92
580182,Aykino,RU,62.2248,49.9922,30.07,95,14,3.38
4392354,Jasper,US,37.2001,-94.3502,91.45,43,40,14.97
1622318,Waingapu,ID,-9.6567,120.2641,79.43,74,99,7.31
779622,Havøysund,NO,70.9963,24.6622,43.68,65,4,21.23
4569313,Anderson,US,34.5334,-82.6499,73.45,94,90,11.5
2063042,Port Hedland,AU,-20.3167,118.5667,78.85,19,100,14.97
5364271,Laguna,US,38.421,-121.4238,88.65,17,1,3.44
2447513,Arlit,NE,18.7369,7.3853,91.85,10,1,10.47
2033413,Cuiluan,CN,47.72,128.648,51.73,88,100,2.51
1006984,East London,ZA,-33.0153,27.9116,57.52,51,45,24.09
1337613,Kulhudhuffushi,MV,6.6221,73.07,81.5,79,94,10.33
2083537,Wewak,PG,-3.5534,143.6268,81.48,75,99,1.21
88533,Awjilah,LY,29.1081,21.2869,85.86,22,0,8.01
696677,Polohy,UA,47.4844,36.2536,52.74,62,97,4.5
3141667,Roald,NO,62.5833,6.1333,55.54,76,75,14.97
5010548,South Lyon,US,42.4606,-83.6516,73.85,86,100,14.67
557140,Il’inskiy,RU,55.619,38.1182,42.73,93,90,13.42
3448552,São Luiz Gonzaga,BR,-28.4083,-54.9608,73.83,85,37,11.97
2123278,Mil'kovo,RU,54.7167,158.6167,42.46,94,100,5.88
3466980,Caravelas,BR,-17.7125,-39.2481,72.84,81,11,5.28
6166142,Thunder Bay,CA,48.4001,-89.3168,73.31,68,90,10.36
4034551,Faanui,PF,-16.4833,-151.75,78.4,73,25,12.01
2132606,Samarai,PG,-10.6167,150.6667,77.59,89,100,13.51
4726521,San Patricio,US,28.017,-97.5169,90.57,52,0,13.8
1795632,Shenjiamen,CN,29.9576,122.298,73.35,85,38,4.68
649924,Kuusamo,FI,65.9667,29.1833,39.24,75,90,9.22
2014624,Udachny,RU,66.4167,112.4,35.96,64,100,7.07
2662689,Visby,SE,57.6409,18.296,43.02,81,75,9.22
3855075,General Pico,AR,-35.6566,-63.7568,54.27,56,22,9.06
1214026,Sabang,ID,5.8933,95.3214,82.09,77,66,19.8
6316343,Alta Floresta,BR,-9.8756,-56.0861,88.92,27,76,2.37
2122090,Pevek,RU,69.7008,170.3133,26.98,81,95,2.26
2038120,Chaoyang,CN,41.5703,120.4586,57.61,88,100,13.33
3466931,Carlos Chagas,BR,-17.7031,-40.7664,74.95,67,27,11.14
5600685,Meridian,US,43.6121,-116.3915,66.7,31,1,8.05
2264557,Ponta do Sol,PT,32.6667,-17.1,72.23,81,40,5.03
584792,Türkan,AZ,40.3639,50.215,69.98,83,0,9.22
3391889,Pitimbu,BR,-7.4706,-34.8086,73.99,72,45,12.5
4021858,Guerrero Negro,MX,27.9769,-114.0611,78.76,49,0,12.59
107304,Buraidah,SA,26.326,43.975,81.05,16,0,5.53
644499,Nivala,FI,63.9167,24.9667,32.52,95,10,4.43
2024812,Dul'durga,RU,50.6761,113.5931,51.22,95,98,2.46
933288,Mopipi,BW,-21.1833,24.8833,77.61,24,53,9.84
2112802,Hasaki,JP,35.7333,140.8333,70.2,63,56,7.54
4513583,Hamilton,US,39.1834,-84.5333,70.77,88,90,5.75
305681,Kumluca,TR,36.3703,30.2869,80.01,49,0,3.33
1855891,Nakamura,JP,32.9833,132.9333,76.01,82,30,8.52
2221053,Wum,CM,6.3833,10.0667,64.53,95,89,2.93
3537840,Santa Cruz del Sur,CU,20.7147,-77.9956,84.6,67,58,1.83
1141857,Gardez,AF,33.5974,69.2259,58.96,73,0,3.51
5962442,Goderich,CA,43.7501,-81.7165,75.52,64,100,11.5
1337605,Mahibadhoo,MV,3.7833,72.9667,82.49,75,17,11.92
1856068,Nago,JP,26.5881,127.9761,83.07,69,16,2.68
1513491,Yangi Marg`ilon,UZ,40.4272,71.7189,59.72,55,0,4.61
1489822,Tegul'det,RU,57.3064,88.1667,36.07,95,100,7.61
1273978,Churhat,IN,24.428,81.6703,78.06,84,22,2.04
1502073,Krasnosel'kup,RU,65.7,82.4667,29.89,91,97,15.52
6149996,Smithers,CA,54.7804,-127.1743,46.72,93,90,6.91
4033356,Tiarei,PF,-17.5333,-149.3333,84.22,73,12,13.18
916668,Isoka,ZM,-10.1606,32.6335,63.1,63,0,1.79
3662342,São Gabriel da Cachoeira,BR,-0.1303,-67.0892,81.18,74,100,1.5
3948613,Acarí,PE,-15.4311,-74.6158,63.97,78,78,5.08
2126710,Beringovskiy,RU,63.05,179.3167,42.64,93,100,5.66
3698359,Chicama,PE,-7.8447,-79.1469,61.34,74,6,8.77
2986732,Ploemeur,FR,47.7333,-3.4333,53.71,94,0,3.44
2270385,Camacha,PT,33.0833,-16.3333,69.22,64,40,11.5
1259395,Porbandar,IN,21.6422,69.6093,81.03,88,98,14.36
3392167,Picos,BR,-7.0769,-41.4669,87.84,26,66,5.59
1242110,Kalmunai,LK,7.4167,81.8167,79.18,85,86,7.67
5861897,Fairbanks,US,64.8378,-147.7164,37.36,60,75,10.36
3424607,Tasiilaq,GL,65.6145,-37.6368,37.56,73,69,8.99
2137773,Vao,NC,-22.6667,167.4833,69.93,65,96,17.85
3446295,Torres,BR,-29.3353,-49.7269,68.36,96,45,4.76
3393692,Itarema,BR,-2.9248,-39.9167,78.6,82,15,15.46
1562414,Vung Tau,VN,10.346,107.0843,78.89,84,100,4.97
5110365,Broome,US,42.2506,-75.833,68.27,63,1,8.05
2988507,Paris,FR,48.8534,2.3488,60.08,90,75,4.61
2125693,Evensk,RU,61.95,159.2333,45.1,86,100,17.72
1726449,Basco,PH,20.4487,121.9702,84.0,77,47,11.54
5924351,Clyde River,CA,70.4692,-68.5914,25.03,86,20,8.05
2181625,Te Anau,NZ,-45.4167,167.7167,44.91,96,100,3.42
2173323,Bundaberg,AU,-24.85,152.35,75.49,46,90,10.36
2413533,Essau,GM,13.4839,-16.5347,80.76,85,25,13.02
4014336,Chihuahua,MX,28.5,-106.0,83.23,24,100,5.12
1162094,Ziarat,PK,30.3823,67.7282,61.21,55,0,2.28
1159716,Sarakhs,IR,36.5449,61.1577,68.14,37,0,0.0
2030065,Mandalgovi,MN,45.7625,106.2708,50.77,75,1,4.65
5712169,Baker City,US,44.7749,-117.8344,62.31,39,1,3.44
303798,Nizip,TR,37.0097,37.7942,75.33,41,0,8.3
3663693,Jutaí,BR,-5.1833,-68.9,80.91,69,50,1.61
1637001,Biak,ID,-0.9131,122.8766,75.43,89,100,3.69
211647,Lodja,CD,-3.4833,23.4333,72.46,75,57,2.06
108410,Riyadh,SA,24.6877,46.7219,78.94,17,0,8.23
3029212,Arrondissement de Cahors,FR,44.4167,1.3333,58.5,92,97,4.41
3377301,Mabaruma,GY,8.2,-59.7833,77.05,89,100,3.87
2070998,Geraldton,AU,-28.7667,114.6,61.21,51,0,10.36
921786,Mitsamiouli,KM,-11.3847,43.2844,76.14,79,0,11.43
339629,Deder,ET,9.3167,41.45,55.99,89,89,6.64
6180550,Whitehorse,CA,60.7161,-135.0538,41.77,87,90,16.11
3572189,High Rock,BS,26.6208,-78.2833,78.82,70,92,7.96
1640972,Katobu,ID,-4.9408,122.5276,74.59,87,100,3.04
1523662,Kachīry,KZ,53.0675,76.1036,38.39,80,61,11.41
4255151,Bud,US,39.447,-86.1758,72.61,87,82,15.35
3129135,Avilés,ES,43.5547,-5.9248,60.19,94,40,3.44
2090021,Namatanai,PG,-3.6667,152.4333,82.83,70,90,3.98
5935804,Dawson Creek,CA,55.7666,-120.2362,56.82,47,20,9.22
1217007,Koson,UZ,39.0375,65.585,59.32,27,0,3.29
2108502,Honiara,SB,-9.4333,159.95,85.87,65,8,8.12
3651857,Sangolquí,EC,-0.3341,-78.4522,59.49,71,97,3.0
2413419,Gunjur,GM,13.2019,-16.7339,80.67,94,20,3.44
876123,Lumeje,AO,-11.55,20.7833,76.75,20,87,2.39
529368,Marfino,RU,55.7028,37.3822,42.94,93,90,13.42
7671223,Kloulklubed,PW,7.0419,134.2556,81.1,74,99,1.12
986717,Kruisfontein,ZA,-34.0033,24.7314,55.54,58,82,18.9
3516171,Barra de Tecoanapa,MX,16.5167,-98.75,84.42,69,24,7.38
3598787,Champerico,GT,14.3,-91.9167,86.54,79,100,7.29
4151316,Clearwater,US,27.9659,-82.8001,80.31,76,1,0.0
172515,Abu Samrah,SY,35.3029,37.1841,75.02,50,0,6.6
1488903,Turukhansk,RU,65.8167,87.9833,34.29,94,100,8.16
3372472,Vila Franca do Campo,PT,37.7167,-25.4333,68.41,85,16,9.91
1524787,South Kazakhstan Region,KZ,43.0,68.0,58.51,17,0,6.06
186827,Meru,KE,0.0463,37.6559,59.29,79,11,3.09
3571592,Rock Sound,BS,24.9,-76.2,83.89,71,10,11.59
5044290,Saint Anthony,US,45.0205,-93.218,61.74,85,90,13.8
110690,Abhā,SA,18.2164,42.5053,66.45,21,0,0.0
1489656,Teya,RU,60.3778,92.6267,33.69,98,79,5.1
699328,Novopokrovka,UA,49.8425,36.5477,50.38,82,100,6.64
1490256,Talnakh,RU,69.4865,88.3972,31.41,85,87,4.21
2136825,Isangel,VU,-19.55,169.2667,80.71,57,40,11.5
212902,Kindu,CD,-2.95,25.95,72.43,85,97,2.62
56399,Jamame,SO,0.0722,42.7506,75.72,81,3,12.1
6100799,Pemberton,CA,50.3164,-122.8027,58.69,60,91,5.57
53372,Oodweyne,SO,9.4092,45.064,75.0,57,91,11.63
2961459,Skibbereen,IE,51.55,-9.2667,57.0,88,100,2.21
2022064,Kirovskiy,RU,45.0917,133.5136,54.88,84,100,5.26
2155742,Narrabri,AU,-30.3167,149.7833,51.89,50,75,17.27
1685422,Sulangan,PH,11.1373,123.7228,80.94,79,94,7.38
2381972,Adrar,MR,20.5022,-10.0711,92.86,23,6,14.5
2020121,Mayya,RU,61.7333,130.2811,34.92,76,12,2.26
2315026,Kasongo-Lunda,CD,-6.4667,16.8167,77.72,54,14,1.68
3693646,Picota,PE,-6.9197,-76.3304,90.09,88,69,2.75
2288105,Grand-Lahou,CI,5.1367,-5.0242,75.54,92,36,7.36
2638302,Seaham,GB,54.839,-1.3458,57.52,83,79,8.03
3372783,Ponta Delgada,PT,37.7333,-25.6667,68.72,77,20,6.91
2260009,Ewo,CG,-0.8725,14.8206,76.41,74,73,1.79
118063,Sabzawār,IR,36.2126,57.6819,71.69,27,0,8.68
1637001,Luwuk,ID,-0.9516,122.7875,77.02,91,100,2.75
3920736,Chimoré,BO,-16.9833,-65.1333,83.79,49,72,3.0
1510689,Baykit,RU,61.67,96.37,38.77,89,100,7.99
240210,Birao,CF,10.2849,22.7882,71.26,93,36,1.25
1509852,Bogotol,RU,56.2078,89.5342,34.47,98,100,8.79
5993072,Kitimat,CA,54.0524,-128.6534,52.18,98,100,3.2
1865207,Arai,JP,37.0167,138.25,73.96,66,0,6.78
1270077,Hinganghāt,IN,20.5667,78.8333,78.21,90,99,1.92
2109528,Buala,SB,-8.145,159.5921,83.84,71,40,9.26
1028434,Quelimane,MZ,-17.8786,36.8883,66.15,82,0,0.0
2243271,Cabinda,AO,-5.55,12.2,75.04,88,31,6.76
1253237,Verāval,IN,20.9,70.3667,80.19,88,76,13.09
290030,Doha,QA,25.2867,51.5333,89.89,47,0,8.05
2640351,Peterhead,GB,57.5058,-1.7981,55.8,86,100,7.49
1812228,Dongtai,CN,32.8523,120.3095,68.31,89,0,7.99
5038045,Monticello,US,45.3055,-93.7941,62.4,77,90,13.8
2460954,Araouane,ML,18.9048,-3.5265,96.66,13,10,8.41
5225507,Warwick,US,41.7001,-71.4162,65.34,72,40,4.61
1185272,Kālia,BD,23.0396,89.6328,75.7,96,100,8.84
1223738,Weligama,LK,5.9667,80.4167,77.83,88,83,7.92
2126199,Cherskiy,RU,68.75,161.3,30.25,60,89,5.93
1492948,Saryg-Sep,RU,51.5,95.6,35.78,77,88,2.75
6112608,Powell River,CA,49.8496,-124.5361,56.86,94,90,8.05
4500994,Burlington,US,39.8835,-74.6413,67.78,64,1,5.75
2013727,Vanavara,RU,60.34,102.2797,38.1,89,100,12.46
4032369,Pangai,TO,-19.8,-174.35,78.91,61,20,6.91
1071296,Antalaha,MG,-14.9003,50.2788,69.4,75,92,7.16
4877138,Spencer,US,43.1414,-95.1444,64.27,68,75,20.71
5851349,Nānākuli,US,21.3906,-158.1547,87.03,45,1,12.66
2686469,Örnsköldsvik,SE,63.2909,18.7153,40.15,93,90,2.3
2079582,Alyangula,AU,-13.8483,136.4192,82.27,61,65,11.5
4493316,Statesville,US,35.7826,-80.8873,76.62,69,75,5.75
1784253,Zhongxing,CN,33.7039,118.6792,69.06,85,0,12.68
1817993,Anking,CN,30.5092,117.0506,68.65,87,0,5.57
605155,Kiruna,SE,67.8557,20.2251,34.72,87,90,13.8
2122605,Okhotsk,RU,59.3833,143.3,46.99,62,97,7.78
6050194,La Sarre,CA,48.8002,-79.1996,68.2,46,99,12.86
110690,Faya,SA,18.3851,42.4509,66.72,30,0,4.07
1511146,Azanka,RU,58.0401,64.7893,30.24,98,97,5.08
352733,Marsá Maţrūḩ,EG,31.3525,27.2453,75.4,78,0,5.75
367544,Sawākin,SD,19.1059,37.3321,86.25,59,6,5.79
3422683,Kangaatsiaq,GL,68.3065,-53.4641,33.6,79,100,6.08
2236967,Soyo,AO,-6.1349,12.3689,74.52,88,46,6.89
3897724,Bulnes,CL,-36.7423,-72.2985,61.56,58,0,14.2
5117949,Freeport,US,40.6576,-73.5832,68.95,60,1,6.91
3860443,Comodoro Rivadavia,AR,-45.8667,-67.5,57.06,28,0,6.91
1511382,Armizonskoye,RU,55.9461,67.6736,37.06,91,100,10.76
1487332,Verkhnyaya Inta,RU,65.9811,60.3094,35.19,90,100,14.25
2027968,Aldan,RU,58.6031,125.3894,37.47,85,13,2.73
578283,Korocha,RU,50.8107,37.1953,50.72,87,100,7.49
1000543,Graaff-Reinet,ZA,-32.2522,24.5308,45.12,61,45,8.37
912628,Kasempa,ZM,-13.4584,25.8338,64.85,27,3,5.23
5069297,Grand Island,US,40.925,-98.342,69.37,43,40,18.41
2036237,Langxiang,CN,46.95,128.8833,50.77,95,100,2.84
514706,Osa,RU,57.2829,55.4567,38.8,73,97,2.89
2037252,Genhe,CN,50.7833,121.5167,47.43,74,100,2.53
1608239,Nong Khae,TH,14.3406,100.8673,76.95,96,100,2.01
1266668,Khonsa,IN,27.0167,95.5667,66.9,97,52,3.49
140463,Birjand,IR,32.8663,59.2211,59.47,20,0,6.91
3920244,Chulumani,BO,-16.4096,-67.5263,64.71,94,92,1.12
1052373,Beira,MZ,-19.8436,34.8389,66.81,76,0,8.08
2119964,Vakhrushev,RU,48.9833,142.9667,57.6,64,100,1.59
245338,Am Timan,TD,11.0297,20.2827,72.16,95,99,1.99
876177,Luau,AO,-10.7073,22.2247,71.38,27,4,4.88
2065594,Mount Isa,AU,-20.7333,139.5,67.77,19,90,25.32
690193,Velykyy Burluk,UA,50.0379,37.3987,51.22,82,90,6.8
3897347,Calama,CL,-22.4667,-68.9333,68.49,9,40,21.85
2516507,Huéscar,ES,37.811,-2.5412,64.15,62,1,3.15
3406196,Barreirinhas,BR,-2.7469,-42.8264,78.71,79,39,9.35
3671450,Inírida,CO,3.8653,-67.9239,75.79,92,98,1.21
1701054,Marawi,PH,7.9986,124.2928,71.87,88,40,1.68
3115824,Muros,ES,42.7762,-9.0603,59.5,78,1,14.52
4032420,Neiafu,TO,-18.65,-173.9833,81.28,74,40,10.36
7288345,Kaupanger,NO,61.1845,7.2404,51.19,95,100,5.21
2090990,Mendi,PG,-6.1761,143.6513,61.23,81,100,0.74
1622786,Makassar,ID,-5.14,119.4221,77.05,83,20,1.14
527321,Mezen',RU,65.8522,44.24,32.81,90,37,1.7
935214,Saint-Pierre,RE,-21.3393,55.4781,65.88,68,20,9.22
3899695,Ancud,CL,-41.8697,-73.8203,47.73,80,5,3.96
2455558,Kati,ML,12.7441,-8.0726,80.01,70,99,4.12
4470244,Havelock,US,34.8791,-76.9013,77.86,78,75,9.22
481548,Troitsko-Pechorsk,RU,62.7084,56.1964,37.44,74,100,6.17
2318123,Yenagoa,NG,4.9247,6.2642,75.74,93,100,4.09
3896774,Carahue,CL,-38.7,-73.1667,57.4,94,0,3.02
3572906,Andros Town,BS,24.7,-77.7667,84.16,64,12,10.87
5012639,Troy,US,42.6056,-83.1499,74.89,72,100,14.88
6145890,Shelburne,CA,44.0787,-80.2041,65.23,71,100,9.28
3662927,Pauini,BR,-7.7136,-66.9764,78.28,74,60,1.21
2180815,Tuatapere,NZ,-46.1333,167.6833,48.7,85,100,4.23
2178753,Kirakira,SB,-10.4544,161.9205,83.53,73,66,11.16
4334734,Natchitoches,US,31.7668,-93.1335,87.89,62,40,4.61
3374462,Mindelo,CV,16.8901,-24.9804,80.15,78,40,17.27
2128975,Nemuro,JP,43.3236,145.575,60.64,85,47,13.6
1636022,Martapura,ID,-3.4167,114.85,75.29,94,20,2.3
5733351,Jackson,US,42.4165,-122.8345,78.67,25,1,4.61
5178800,Back Mountain,US,41.3359,-75.9963,66.63,85,75,3.58
6065592,Maple Creek,CA,49.9168,-109.4848,61.93,29,12,4.61
2634569,Wells,GB,51.2079,-2.649,54.5,87,64,2.89
1714733,Dingle,PH,10.9995,122.6711,76.73,92,84,1.39
3372760,Praia da Vitória,PT,38.7333,-27.0667,70.05,88,75,10.25
86049,Jalu,LY,29.0331,21.5482,86.22,21,0,7.49
3347019,Mossamedes,AO,-15.1961,12.1522,62.19,83,9,5.7
5711149,Altamont,US,42.2068,-121.7372,71.44,24,1,10.36
5374920,Morro Bay,US,35.3658,-120.8499,87.12,50,0,4.76
5983607,Inuvik,CA,68.3499,-133.7218,50.86,53,75,6.91
2986933,Plaisance-du-Touch,FR,43.5657,1.2975,57.0,88,28,8.05
3141310,Rørvik,NO,64.8621,11.2373,48.78,68,100,32.1
293842,Kiryat Gat,IL,31.61,34.7642,75.88,71,0,5.23
3382160,Cayenne,GF,4.9333,-52.3333,78.84,89,0,0.0
943937,Villiers,ZA,-27.0303,28.6006,54.37,24,0,4.21
3899539,Antofagasta,CL,-23.65,-70.4,58.28,82,100,6.04
4793846,Williamsburg,US,37.2707,-76.7075,72.05,67,1,0.0
1262435,Murgūd,IN,16.4,74.2,70.86,97,100,4.18
2122104,Petropavlovsk-Kamchatskiy,RU,53.0452,158.6483,55.99,47,75,13.42
3146942,Løpsmarka,NO,67.3134,14.4493,48.09,53,20,14.97
5887798,Assiniboia,CA,49.6334,-105.9845,62.42,29,18,17.27
2063036,Port Lincoln,AU,-34.7333,135.8667,53.38,62,93,14.81
1337612,Dhidhdhoo,MV,6.8833,73.1,82.33,77,95,10.89
489088,Staraya Russa,RU,57.9944,31.3608,40.8,91,100,10.51
3163146,Andenes,NO,69.3143,16.1194,46.38,57,36,17.27
5383537,Placer,US,39.0666,-120.7677,78.76,12,0,7.78
1733502,Ranau,MY,5.9538,116.6641,66.85,94,94,2.01
133595,Gerāsh,IR,27.6652,54.1371,79.99,46,0,3.89
2108857,Gizo Government Station,SB,-8.103,156.8419,81.54,76,92,9.48
1786538,Yining,CN,29.0361,114.5636,66.85,83,0,2.04
3397967,Itaituba,BR,-4.2761,-55.9836,79.99,66,98,2.3
1489853,Tazovsky,RU,67.4667,78.7,33.42,75,100,13.8
602913,Skellefteå,SE,64.7507,20.9528,41.36,87,90,2.3
5972291,Havre-St-Pierre,CA,50.2334,-63.5986,53.96,76,90,5.75
3199873,Gospić,HR,44.5461,15.3747,55.09,95,32,6.17
2012593,Zeya,RU,53.75,127.2667,51.17,84,0,0.98
6014443,Lac du Bonnet,CA,50.2536,-96.0612,58.62,53,100,9.66
1271343,Ghātanji,IN,20.1333,78.3167,76.26,90,100,5.1
2142316,Yeppoon,AU,-23.1333,150.7333,76.78,59,38,9.84
610864,Khani,GE,41.9563,42.9566,53.17,80,0,6.26
2303611,Esim,GH,4.8699,-2.2405,76.53,91,69,7.4
53157,Qandala,SO,11.472,49.8728,86.94,64,4,2.13
2639996,Portsmouth,GB,50.799,-1.0913,56.21,89,38,5.12
2120612,Tigil',RU,57.8,158.6667,49.42,83,100,8.23
1695546,Pandan,PH,14.0453,124.1694,80.98,83,100,5.88
1605102,Wang Saphung,TH,17.301,101.7685,75.22,94,90,3.44
1254390,Tiruchchendur,IN,8.4833,78.1167,81.55,75,88,6.64
777019,Vardø,NO,70.3705,31.1107,43.38,74,43,26.35
